书源名,分组,状态,HTTP,地址
po18分站🎃,,其它错误,,http://m.zjlskls.com#🎃
脱水读,🏮🌸 耽美🎈轻文言情🍒,其它错误,,https://tuoshuidu.com/c/tieba/百合小说/
🍊书源说明🍊,书源说明,其它错误,,书源说明
🍑 耽美书屋,🍑耽美,其它错误,,https://www.danmeishuwu.com
👍小说城,"👍优质,失效",其它错误,,http://story-api-729耽美05.ap-northeast-1.elb.amazonaws.com:80
💵 红薯中文[榜单],🔞特殊🔞,其它错误,,http://ku.mumuceo.com/红薯中文网by木木
🔥XChina｜论坛美图-目录化⚠️看注释,"🧜‍♀️,自制",其它错误,,X成人论坛https://xbbs.me/
55中文网,🙈,可达,200,http://www.55zw.co
73文学网🔞,搜不到书; 失效,可达,200,http://www.73wx.com
BL小说,"搜索链接规则为空,天龙",可达,206,https://www.xtfree.com
Blah书库,微筛选,可达,200,https://blah.me
"COSPLAY,请帮忙完善一下发现页加载更多","R18,搜索链接规则为空",可达,200,https://www.coszip.com/
H国度,🔞 特殊,可达,200,http://www.hguodu.net
MrCong，加载较慢,R18,可达,200,https://mrcong.com/
PO18文学🎃#8,,可达,200,https://www.po18r.com#🎃
PO18脸红心跳①,微筛选,可达,200,https://www.po18wen.de
Xiao77论坛(有bug，待修),⁹ಥ刘备入川☯,可达,200,http://x77162.com
book88小说🔥,🙈,可达,200,http://www.book88.org
https://www.kanshu.la/index.php?s=/web/index/search,耽美,可达,200,https://www.kanshu.la/
https://www.kanshu.la/index.php?s=/web/index/search,耽美,可达,200,https://www.kanshu.la/index.php?s=/web/index/search
一曲书斋③™🔞九天之狼,🔞 特殊,可达,200,https://www.fooxs.com
一起色🔞,搜不到书; 失效,可达,200,http://www.5217s.com
一起色🔞~s5217.com,18禁; 发现,可达,200,http://www.s5217.com
七情小说,🙈,可达,200,http://www.7qing7.com
三匹,🙈,可达,200,https://3p5i.club
中文书城,🔞特殊🔞,可达,206,http://lightapp-bookstore.cread.com
中文成人文学🎃,,可达,200,https://xbookcn.org#🎃
中文成人🔞,,可达,200,https://blog.xbookcn.net##
书包网🔞,失效; 18禁,可达,200,https://www.shubao22.net
书耽小说,小说 书源,可达,200,https://www.shubl.com#
书耽🎃,,可达,200,https://www.shubl.com#🎃
云中书屋™🔞九天之狼,🔞 特殊,可达,200,http://m.428516.cn
优优阅读,🔞特殊🔞,可达,200,http://www.uutxt.vip
你懂得,🔞 特殊,可达,206,http://www.120x.cc
华语中文(成人向有声),有声,可达,200,https://www.cnnovel.xyz
吉林小说网①,⑤🔞,可达,200,https://i.jilin55.com
吉林小说网①,🔞 特殊,可达,206,http://m.jilin567.com
吉林小说网②,⑤🔞,可达,200,https://www.jilin55.com
地缘BL小说网🎃,,可达,200,https://www.topwork.cc#🎃
奇书网📎,耽美,可达,206,http://www.126shu.com
好色客,🔞 特殊,可达,200,http://www.99pbec.com/
妖精,🔞 特殊,可达,206,https://www.yjsp33.com/
小黄书,,可达,200,https://www.40fb7103453e.com/index/home.html
小黄文,🔞 特殊,可达,206,https://www.xhwxs.xyz
就要耽美网,,可达,200,http://www.521danmei.cc
幻世小说,⑤🔞; 发现,可达,200,https://www.h4xs.com
废文网站🎃,,可达,200,https://www.nosadnofun.com#🎃
废文网🎃,,可达,200,https://www.mysadfun.com#🎃
异界小说🔞,失效; 18禁,可达,200,https://wap.gaoh.org
御书屋,搜不到书; 失效,可达,200,https://www.yuzhaiwu.me
御宅屋,漫画,可达,200,http://www.yushuu.com
御宅屋,,可达,200,https://bl-novel.org
御宅屋🎃#2,,可达,200,https://yuzhaiwu.life#🎃
情色小说,🏵️  小说,可达,200,https://www.f489f380fac2.com
情色小说,🔞 特殊,可达,200,https://www.0398b9950a6b.com
情色小说,"不可描述,发现失效,搜索失效",可达,200,https://www.ec9673818754.com
情色小说论坛,第一批,可达,200,https://www.ibbs.pro
情色小说论坛🎃,,可达,200,https://www.ibbs.pro#🎃
我的书窝,耽美,可达,200,https://www.wodeshuwo1.com
我的书阁①🔞,搜不到书,可达,200,http://www.myshuge.cc
我的书阁②🔞,18禁,可达,200,http://m.myshuge.cc
撸撸文学🈲,🈲7/14,可达,200,https://a3b4c5d6.luluw012.cc
易读🔞,18禁,可达,200,http://www.yidudu.cc
欲望社网🎃,,可达,200,http://www.yuwangshe.net#🎃
欲望社🎃,,可达,200,https://www.yuwangshe.net#🎃
海棠书屋,A级,可达,200,https://www.haitang123.site
海棠搜书🎃#2,🍜其他,可达,200,https://www.gohaitang.icu#🎃
海棠文学城,搜索链接规则为空,可达,200,http://www.myhtlmebook.com
淫牛图片🌇,柳树🌇图片,可达,200,https://104.233.159.136:2666/
电子书阁（下载）,小说 书源,可达,200,https://archiveofourown.org/
福利小说,,可达,200,http://m.fltxt.com
福利小说🎃,,可达,200,https://crabs-hide-shell.xoxiaoshuo5nnn555.xyz#🎃
福利少女吧🖥🔞,"H漫,失效",可达,200,https://xeshaonv.com
福利漫🌐,⁹ಥ刘备入川☯,可达,200,http://www.177pic.info
笔趣小说,🔞特殊🔞,可达,200,http://www.biqugeso.info
笔趣阁小说网🎃#2,🔞,可达,200,https://m.honeyhoneywedding.com#🎃
第一版主网,失效; 18禁; 发现,可达,206,https://www.diyibanz.com
第一版主🔞,失效; 18禁,可达,206,http://www.diyibanz.com
第九书包网™🔞九天之狼,🔞 特殊,可达,206,http://www.shubao96.com
第二书包网③™🔞九天之狼,🔞 特殊,可达,200,http://www.shubao2s.net
耽梦小说🎃,,可达,206,https://www.haitangmeng.com#🎃
耽美啦小说,搜不到书; 失效,可达,200,http://www.danmeila.com
耽美小说🎃,,可达,200,https://m.dmxsw.org#🎃
耽美站🎃,,可达,200,https://www.aishu9999.com#🎃
肉文阁🎃,,可达,200,https://www.rouwenwu19.com#🎃
色文网🎃,🔞,可达,200,https://www.sw1100.top#🎃
读书族小说🎃,,可达,200,https://wapk.tvguaa.com#🎃
读读看m🎃,,可达,200,https://m.duduaa.com#🎃
躺着看,🔞嘿嘿,可达,200,http://tangzhekan.vip
躺着看™🔞九天之狼,🔞 特殊,可达,200,https://www.tangzhekan8.xyz
辣文网,🈲18+,可达,200,http://m.1lawen.com
阿甘小说网[表情],18禁,可达,200,https://m.agxsw.com
龙腾小说网🔞,失效; 18禁,可达,200,http://www.ltxs888.com
🌸耽美小说,"②🌸  常用,⑥📥  下载",可达,200,https://www.dmxs.org
🎃bl小说🎃,,可达,200,https://www.bldian.com#🎃
🎃全本免费小说🎃,🔞,可达,200,https://m.qbmfxs.com#🎃
🎃海棠书屋🎃#2,,可达,200,https://www.haitangshuwu.vip#🎃
🎃耽美小说🎃#2,,可达,200,https://m.dmx5.cc#🎃
🎨 酮体的秘密,"🎨漫画,🚬刘备,🚀VPN",可达,200,https://dongtidemi.com
💋耽美小说网,耽美源💋,可达,200,http://www.danmeixsw.com
🔞 PO18,🔞 特殊,可达,200,https://m.po18.me
🔞 启皓网 💡,⁹ಥ刘备入川☯,可达,200,http://www.qihaoqihao.net#一程
🔞 拔插小说,⁹ಥ刘备入川☯,可达,200,https://8x3188x.com/html/category/fiction/
🔞 欲望社,🔞 特殊,可达,200,https://www.win10.city
🔞 甜梦文库,🙈,可达,200,http://m.tmwk8.com
🔞 皮皮文学,"💠 其他,💡 发现",可达,200,http://www.ppwxs.com
🔞131tb🔞[qa455355],🔞,可达,200,https://www.131tb.com
🔞五洲文学（发现）,源仓库,可达,200,http://www.5zwx.com
🔞哔咔庇护所,第一批,可达,200,https://ios.pipigou896.top/list
🔞极乐漫画,"③🚫  禁验,⑶🔞  束冠",可达,200,https://iijln.com
🔞看客网,🔞,可达,200,http://www.kankeo.com
🔥 耽美小说①,"⑥📥 下载,🍑 耽美",可达,200,https://www.dmxs.org##下载
🔥Kungfutv｜Cosplay 18+,,可达,200,https://kungfutv.net/
🔥Kungfutv｜Cosplay 18+,R18,可达,200,https://kungfutv.net/#b
🔰 禁漫天堂,🔰 普通,可达,200,https://18comic-now.xyz
🚬 17book[仅发现],🚬刘备,可达,200,http://www.17books.net
🚬 17book[仅发现],🔞特殊🔞,可达,200,http://www.17books.net/wap
🚬 3Z小说网,🚬刘备,可达,200,http://www.3zxsw.com
🚬 小说坊,🚬刘备,可达,200,http://www.50xsf.com
🚬 烧书阁,🚬刘备,可达,200,http://www.shaoshuge.vip
🚬 第二书包网,🚬刘备,可达,200,https://www.bookbao2.net
🚬 草榴[仅发现],🔞 特殊,可达,200,https://cl.qs37.xyz
🥥 耽梦小说,,可达,206,https://www.haitangmeng.com
🦄地缘bl小说网@ffuu（无搜索）,收集出处：源论坛 4月29号,可达,200,https://www.topwork.cc
🍄 公众号,⁹ಥ刘备入川☯,域名解析失败,,gzh
👍 小说城,👍 优质,域名解析失败,,http://story-api-729🔥 耽美05.ap-northeast-1.elb.amazonaws.com:80
🚬 成人,🚬 特殊,域名解析失败,,https:/blog.xbookcn.net
19小说🔞,失效; 18禁; 发现,异常状态,503,http://www.19xse.com
94小说网🔞,18禁; 发现,异常状态,503,http://www.94xsw.net
94小说网🔞,搜不到书; 失效,异常状态,503,http://www.94book.net
H小说吧🔞,18禁; 发现,异常状态,503,http://www.hbook.win
UU小说网🔞~uu234.cc,18禁,异常状态,503,http://www.uu234.cc
♜落花小说 #破冰,"2,搜索失效",异常状态,503,http://www.luohuaa.com/#♤pb
❤️  查看此书源的源注释 或▼点开本发现▼   ❤️,"★,失效",异常状态,503,www.2333333.QAQ
一书阁[表情],18禁; 发现,异常状态,503,http://www.yishuge.cc
一对一辣文™🔞九天之狼,🔞 特殊,异常状态,503,http://www.699294.net/wap
三好小说🔞,搜不到书; 失效,异常状态,503,http://www.sanhao33.com
乐文小说③,⁹ಥ刘备入川〽️,异常状态,503,http://m.lewenwx.net
乐文小说⑬,🈲18+,异常状态,503,http://www.88lewen.com
乡村小说网②™,🔞嘿嘿,异常状态,503,http://m.xiangcunxiaoshuo.la
乡村激情🔞,搜不到书; 失效,异常状态,503,http://www.xiangcunjiqing.com
书包族[表情],18禁,异常状态,503,http://www.laibuyi.com
军婚小说网🔞,搜不到书; 失效,异常状态,503,http://www.junhunxiaoshuo.com
凯辛文学,🔞,异常状态,503,http://www.ixkczb.com
动漫之家v2临时版™🅰,耽美,异常状态,503,http://v2.api.dmzj.com/dynamic
奇塔文学①,🔞 特殊,异常状态,503,http://www.qqtshu.com
小强小说网🔞,优,异常状态,503,http://www.xiaoqiangxs.cc
小强文学①,⑤🔞,异常状态,503,http://m.335xs.in
小强文学①,🔞 特殊,异常状态,503,http://m.335xs.info
小强文学网🔞,失效; 18禁,异常状态,503,http://www.xiaoqiangwx.com
就爱来小说网™,🔞嘿嘿,异常状态,503,http://m.9ilai.com
就要耽美网,,异常状态,503,http://m.521danmei.com
掌阅漫画™📱💰,耽美,异常状态,504,http://m.cm233.com
新小说阅读网🔞,搜索链接规则为空,异常状态,503,http://www.682684.net/
歪歪漫画,H漫,异常状态,503,http://612242.xyz
海棠精品小说网,🚬刘备入川,异常状态,503,http://www.f6txt.net
海棠精品小说网,⁹ಥ刘备入川〽️,异常状态,503,http://www.y83.net
烧书阁,⑤🔞,异常状态,503,http://www.shaoshuge.net
爱上ASMR,18禁,异常状态,526,https://www.asasmr.com
爱上中文🔞,4、普通,异常状态,503,http://www.aszw.org
爱小说网,⑤🔞,异常状态,503,http://www.ireadxs.com
爱看黄文™🔞九天之狼,🔞 特殊,异常状态,503,http://www.kantu88.com
狸梦小说,耽美,异常状态,503,http://m.bjjgdz.com
第二书包网③™🔞九天之狼,🔞 特殊,异常状态,503,http://www.shubao2s.net0
纯肉网,⁹ಥ刘备入川☯,异常状态,301,https://mm28.cc
翠微居②,🔞 特殊,异常状态,503,http://m.cuiweijuxi.com
翠微居②,⁹ಥ刘备入川〽️,异常状态,503,http://m.xincuiweiju.cc
翠微居🔞,搜不到书,异常状态,503,http://www.cuiweiju888.com
耽美肉文网,by_夏尔,异常状态,503,http://danmeirouwen.com/##by_夏尔
舍兔文学最新更新[表情],18禁,异常状态,503,http://www.niusha.net
舍兔文学热门推荐🔞,搜不到书; 失效,异常状态,503,http://www.niushaph.net
蓝柔小说网™🔞,🔞 特殊,异常状态,503,http://www.lanrouxs.net
躺着看[表情],18禁,异常状态,503,http://m.tangzhekan2.net
辣文网,🔞 特殊,异常状态,503,http://m.lawenn.com
辣文鲜文网,🈲18+,异常状态,503,http://www.9xianwen.net
鲜网🔞,18禁,异常状态,503,http://www.xianwangs.cc
龙腾书网🔞,搜不到书; 失效,异常状态,503,http://www.longtengshu.com
龙腾小说网,失效; 18禁,异常状态,503,http://www.5rzw.com
龙腾小说网🔞~longteng32.com,18禁,异常状态,503,http://www.longteng32.com
🌸耽美网,②🌸  常用,异常状态,503,http://www.danmeiwang.com
🌸耽美网,"﹅ ✾ 言耽,搜索失效",异常状态,503,http://www.danmeiwang.com#关耳
🍑 幅书吧,🍑耽美,异常状态,503,http://www.fushubb.com
🎃耽美小说🎃,,异常状态,503,http://m.blxsw.foreverx.cn#🎃
🔰撸图屋小说网,"🍍🍍🍍🍍🍍🍍,🔰347,搜索失效",异常状态,503,http://lutuwu.cn
🚬 总裁小说网™,🚬刘备,异常状态,503,http://www.zongcaixiaoshuo2.com
🚬 辣文鲜文,🚬刘备,异常状态,503,http://www.9xianwen.com
66成人小说🎃,🔞,有响应(拦截),403,http://www.66story.com#🎃
E小说,🔞特殊🔞,有响应(拦截),403,https://www.zwda.com
R 66成人小说🐶,,有响应(拦截),403,https://66story.com/##RosiaPng
RIJI8,🔞特殊🔞,有响应(拦截),403,https://novel.riji8.com
XO福利小说,"r18,已校验10.21,搜索链接规则为空",有响应(拦截),429,https://mak803-ad398-dke3e.xoxiaoshuo765.xyz
nhentai,,有响应(拦截),403,https://nhentai.net
✈小h书xchina,❤小说,有响应(拦截),403,https://xchina.co##小说
乡土小说🔞,18禁; 发现,有响应(拦截),403,http://www.xiangtuxsw.com
你懂得小说网[表情],18禁,有响应(拦截),403,http://www.120w.cc
八毛小说网,⑤🔞; 发现,有响应(拦截),403,http://www.bamxs.com
小h书🈲,大书源🈲柳树,有响应(拦截),403,https://xchina.co/
尤物小说,🔞 特殊,有响应(拦截),429,https://www.youwuxs.com
就要耽美网~电脑,,有响应(拦截),403,http://www.521danmei.com
海棠看书🎃,🍜其他,有响应(拦截),429,https://www.bookhaitang.com#🎃
版主网,"🔞,⑤🔞",有响应(拦截),429,https://www.banzhuwang.org
第二书包网①™🔞九天之狼,🔞 特殊,有响应(拦截),429,http://m.2shubao.net
耽美™,普通; 失效,有响应(拦截),403,http://wap.dmshuwang.com
耽美小说网-2,②一般,有响应(拦截),401,https://www.nyue6.com
腐国度②,18禁,有响应(拦截),429,http://m.fuguodu.info
荷包网,⑤🔞,有响应(拦截),403,https://www.hebaoi.com
躲着看,R18,有响应(拦截),429,http://www.duozhekan.com
青豆小说网(无搜索),耽美,有响应(拦截),403,http://www.qdtxt.cc
🌐Myself📺🔞,⌨🔞涩瑟,有响应(拦截),403,http://myself-bbs.com
🌸 乐文③,🌸 耽美,有响应(拦截),403,https://www.lewencom.com#sitebox dl
🍊 耽美小说2,"🍊女频,💊无搜",有响应(拦截),403,http://dmxs8.org
🍑 鲤鱼乡2,🔥 耽美,有响应(拦截),403,http://www.blliyuw.com
🎃爱腐文🎃,🔞,有响应(拦截),403,https://jfwfd.com#🎃
🔰 02书屋,"🔞特殊🔞,搜索链接规则为空",有响应(拦截),403,https://www.02shu.cc
🔰 禁漫天堂,🔰 普通,有响应(拦截),403,https://jmcomic1.me
🚬 新龙腾小说,🚬刘备,有响应(拦截),429,http://www.longtengxs.org
39小说网?,"失效,18禁",超时,,https://m.sanjiuxs.com
98堂(仅发现无长篇连载),⁹ಥ刘备入川☯,超时,,https://etertrrewe4wr.xyz/
PO18①,搜索链接规则为空,超时,,https://www.po18n.com
三否小说,失效; 18禁; 发现,超时,,http://www.3hao3.vip
三好小说,失效; 18禁; 发现,超时,,https://www.sanhao3.vip
三好小说🔞,失效; 18禁; 发现,超时,,http://www.sanhao3.vip
书书屋,⁹ಥ刘备入川〽️,超时,,http://www.fqbot.com
免费写真网,全部来自论坛,超时,,http://www.mfxzt.com/
八零电子书,耽美,超时,,https://m.80txt.la
八零电子书(电脑版),耽美,超时,,https://www.80txt.la
八零电子书[表情],18禁,超时,,https://www.80txt.com
废文网🎃,,超时,,https://www.sosadfun.org#🎃
总裁小说网🔞,搜不到书; 失效,超时,,http://www.zongcaixiaoshuo.com
文客小说🔞,失效; 18禁,超时,,http://www.wkzw.cc
欲书台🎃,,超时,,https://58rom.org#🎃
求书网,耽美,超时,,https://www.qiushuzw.com
海岸线文学网,🔞,超时,,http://www.hax988.com
海棠书屋🎃,,超时,,https://www.haitangshuwo.com#🎃
爱去小说网㊦.927txt,"🍑 耽美,搜索失效",超时,,http://www.827txt.net
破万卷🔞,18禁; 优,超时,,http://www.powanjuan.org
笔下文学,耽美,超时,,https://m.bxwx.org
第一版主18,🔞,超时,,http://m.bz001.org
草榴(仅发现)看图关净化,⁹ಥ刘备入川☯,超时,,https://cl.2790z.xyz/
阿甘小说网™🔞九天之狼,🙈,超时,,https://m.agxsw.net
顶点小说36,🔞 小说,超时,,https://www.qklady.com/
🍑 31小说网,🍑耽美,超时,,http://m.xx31xs.org
🍑 CP文库,🔞,超时,,https://www.cpwenku.com#bookbox
🍑 峡谷小说,🍑耽美,超时,,https://m.xiagu.org
🍑 耽美中文,🍑耽美,超时,,http://www.blnovel.com
🍑 鲤鱼乡①,🍑耽美,超时,,http://awubook.com
🎨 maa漫画（正文需完善）,"🎨漫画,🚬刘备",超时,,https://maa1812.com/zh/18H_random/all/index.html
🔰 禁漫天堂,🔰 普通,超时,,https://18comic-palworld.vip
🚬 UPU小说网,🚬刘备,超时,,https://www.upu.cc
🚬 甜美文库,🚬刘备,超时,,https://www.tianmengwenku.org
🚬 第二书包202,"🚬刘备,💊无搜",超时,,http://www.shubao202.com
🚬 辣文合集[仅发现],🚬刘备,超时,,http://www.jfyxsh.com
1024,"R18,搜索链接规则为空",连接失败,,https://dp2212t.xyz
123耽美,搜不到书; 失效,连接失败,,https://www.123danmei.org
200书城📎,🔞,连接失败,,https://www.200shucheng.com
34看书网,🔞 特殊,连接失败,,https://www.34ksw.com
52∧∨图文小说频道(仅发现),⁹ಥ刘备入川☯,连接失败,,https://d52e18t83xan.xyz:52888
5789,🈲18+,连接失败,,https://www.6789fo.com/
69色堂(仅发现),⁹ಥ刘备入川☯,连接失败,,https://www.30tang.top
94小说网,18禁; 发现,连接失败,,https://www.94xsw.net
BT伙计(仅发现),⁹ಥ刘备入川☯,连接失败,,https://q1.f238605b.org/
HH读书网,失效; 18禁; 发现,连接失败,,https://www.hhdush.com
JAVBUS🔞,搜不到书; 失效,连接失败,,https://www.busjav.net
PO18🔞,18禁,连接失败,,https://m.po18.in
po18脸红心跳,,连接失败,,https://m.po18vip.uk
✈情色阅读8d8d,❤小说,连接失败,,https://www.8d8d.me/index.php?target=text
下书网手机版🔞,失效; 18禁,连接失败,,https://m.xiashu.la
书楼吧,18禁; 发现,连接失败,,https://www.shulouba.org
八叉小说,⁹ಥ刘备入川☯,连接失败,,https://8x1928x.com/html/category/fiction
小说阅读网™🔞九天之狼,🔞 特殊,连接失败,,https://www.hrb6b.com
就要耽美网™备用,普通; 失效,连接失败,,https://m.521danmei.cc
御宅屋,,连接失败,,https://pm.bl-novel.com
御宅屋③™🔞九天之狼,🔞 特殊,连接失败,,https://i.yushu5.org
扒开射小说,🔞 特殊,连接失败,,https://www.9kshe.com
杏吧-作者榜,"自制,📖🔞,🔞名站",连接失败,,https://www.d18xshu.xyz/(
欲望社,微筛选,连接失败,,https://wap.win10city.com
海岸线文学网①🔞,失效; 18禁; 发现,连接失败,,https://m.haxwx11.com
海岸线文学网🔞,失效; 18禁; 发现,连接失败,,https://www.haxshu.com
海棠书屋②,⑤🔞,连接失败,,https://www.haitang123.cc
淫色🈲🔍,🈲7/14,连接失败,,https://c8ksx--e3w.yinse1xiaoshuo.com
爱看书③,🔞 特殊,连接失败,,https://m.bqg.cc
百书楼①,⑤🔞,连接失败,,https://www.cuan800.cc
福书,🙈,连接失败,,https://www.fushutuan.net
笔下文学,耽美,连接失败,,https://www.bxwx8.org
笔下文学📱,耽美,连接失败,,https://wap.bxwx8.org
笔趣阁(2bqg),⑤🔞,连接失败,,https://m.2bqg.com
第一版主⑨,⑤🔞,连接失败,,https://www.diyibanzhu2.pro
第一版主网,18禁; 发现,连接失败,,https://www.banzhuer.com
绝色,🙈; 发现,连接失败,,https://iiqk.club
耽美屋🔞,搜不到书; 失效,连接失败,,https://www.dmw01.com
腐の书网,18禁,连接失败,,https://www.fushu365.com
腐国度①,18禁,连接失败,,https://www.fuwenmi.com
荷包网,🈲18+,连接失败,,https://m.hebaor.com
蔷薇后花园,18禁; 失效,连接失败,,https://houhuayuan.pink
追书帮,🙈; 发现,连接失败,,https://wap.zhuishubang.com
追梦,"A级,耽美,18,发现,R18",连接失败,,https://danmei.in
金羚文学™🔞九天之狼,🔞 特殊,连接失败,,https://wap.chinajinlingc.com
锦书楼🔞,18禁,连接失败,,https://www.jinshulou.com
长佩,,连接失败,,https://api1.changpeiguoji.com
霸气书屋,18禁; 发现,连接失败,,https://m.87shuwu.com
"领域仓库,发现页都没弄好，求大佬帮忙",R18,连接失败,,https://hw.lyck.top/
鲤鱼乡,A级; 耽美; 发现,连接失败,,https://m.01lyx.com
黑沼泽俱乐部,⁹ಥ刘备入川☯,连接失败,,https://zhaoze.party
🍑 热门88,🍑耽美,连接失败,,https://m.remen88.com-by Ai猫
🍑 空蓝小说网,🍑耽美,连接失败,,https://www.konlan.org
🎨 一库Acg,"🆔登录,🎨漫画,🚬刘备,🚀VPN",连接失败,,https://yikuacg.com
🎨 漫香阁 🔞💡,🎨 漫画,连接失败,,https://manxiangge.com
🔞 九妖漫画,"搜索链接规则为空,兔兔兔",连接失败,,https://ciyuanrukou.com
🔞 就是要爱,"发现规则为空,🚀 VPN,搜索链接规则为空,🍀",连接失败,,https://avouo.com/
🔞 拔插小说,搜索链接规则为空,连接失败,,https://8x5818x.com
🔞 禁忌书屋,🙈,连接失败,,https://m.42wg.com
🔞四色(仅发现),🈲18+,连接失败,,https://www.8468134cbe394a05.com/index/home.html
🔞极乐漫画,"③🚫  禁验,⑶🔞  束冠",连接失败,,https://issmh.cc/
🚬 52AVAV图片频道(仅发现),⁹ಥ刘备入川☯,连接失败,,https://www.5jg6awtnneb78spk.com
🚬 52AVAV小说频道[仅发现],⁹ಥ刘备入川☯,连接失败,,https://t526uh0j52y985mn.com
🚬 BT伙计[仅发现],🔞 特殊,连接失败,,https://q1.colin1994.xyz
🚬 吾爱看书,🚬刘备,连接失败,,https://www.52kshu.com
🚬 学习材料◽️,"🚬刘备,💊无搜",连接失败,,https://bbs.188sex.com/forum.php?gid=77
🚬 快眼小说网,🚬刘备,连接失败,,https://www.kyxs5.com
🚬 情色文學-δ,搜索链接规则为空,连接失败,,https://www.8d8d.me/index.php?target=text2
🚬 桃色小说,"🚬刘备,💊无搜",连接失败,,https://www.paa04.com
翠微居③,⁹ಥ刘备入川〽️,页面不存在,404,http://www.cuiweijuxs.org
